<?xml version="1.0" encoding="UTF-8"?>
<catalog  title="Oracle Magazine" publisher="Oracle Publishing"> 
  <journal edition="September-October 2008"> 
  <article>
    <title>Share 2.0</title>
    <author>Alan Joch</author> 
   </article>
  <article>
    <title>Restrictions Apply</title>
    <author>Alan Joch</author> 
   </article>
  
  </journal>
  <journal edition="March-April 2008"> 
  <article>
    <title>Oracle Database 11g Redux</title>
    <author>Tom Kyte</author> 
  
   </article>
  <article>
    <title>Declarative Data Filtering</title>
    <author>Steve Muench</author> 
   </article>

  </journal>
</catalog>
